{
    "name": "Your Collection #0",
    "symbol": "hi",
    "description": "Remember to replace this description",
    "seller_fee_basis_points": 500,
    "image": [
        "0.png"
    ],
    "attributes": {
        "class": "unrevealed"
    },
    "properties": {
        "creators": [
            {
                "address": "9beece14eb20929309b13a547500bc41e39d1161",
                "share": 100
            }
        ],
        "files": [
            {
                "uri": "0.png",
                "type": "image/png"
            }
        ]
    },
    "collection": {
        "name": "numbers",
        "family": "numbers"
    }
}