{
    "name": "Your Collection #1",
    "symbol": "hi",
    "description": "Remember to replace this description",
    "seller_fee_basis_points": 500,
    "image": [
        "1.png"
    ],
    "attributes": {
        "class": "unrevealed"
    },
    "properties": {
        "creators": [
            {
                "address": "ef4ddc38796775a2055d56d10dfa714aab7650a7",
                "share": 100
            }
        ],
        "files": [
            {
                "uri": "1.png",
                "type": "image/png"
            }
        ]
    },
    "collection": {
        "name": "numbers",
        "family": "numbers"
    }
}