{
    "name": "Your Collection #10",
    "symbol": "hi",
    "description": "Remember to replace this description",
    "seller_fee_basis_points": 500,
    "image": [
        "10.png"
    ],
    "attributes": {
        "class": "unrevealed"
    },
    "properties": {
        "creators": [
            {
                "address": "f443da6ee60f4354ecc82f033b313a79777193a3",
                "share": 100
            }
        ],
        "files": [
            {
                "uri": "10.png",
                "type": "image/png"
            }
        ]
    },
    "collection": {
        "name": "numbers",
        "family": "numbers"
    }
}