{
    "name": "Your Collection #11",
    "symbol": "hi",
    "description": "Remember to replace this description",
    "seller_fee_basis_points": 500,
    "image": [
        "11.png"
    ],
    "attributes": {
        "class": "unrevealed"
    },
    "properties": {
        "creators": [
            {
                "address": "1128059f67738cc3d7e0bdf90da051c9686a2b7b",
                "share": 100
            }
        ],
        "files": [
            {
                "uri": "11.png",
                "type": "image/png"
            }
        ]
    },
    "collection": {
        "name": "numbers",
        "family": "numbers"
    }
}