{
    "name": "Your Collection #12",
    "symbol": "hi",
    "description": "Remember to replace this description",
    "seller_fee_basis_points": 500,
    "image": [
        "12.png"
    ],
    "attributes": {
        "class": "unrevealed"
    },
    "properties": {
        "creators": [
            {
                "address": "c5e62610359150099139b3e3ef0a5503546b2eff",
                "share": 100
            }
        ],
        "files": [
            {
                "uri": "12.png",
                "type": "image/png"
            }
        ]
    },
    "collection": {
        "name": "numbers",
        "family": "numbers"
    }
}