{
    "name": "Your Collection #13",
    "symbol": "hi",
    "description": "Remember to replace this description",
    "seller_fee_basis_points": 500,
    "image": [
        "13.png"
    ],
    "attributes": {
        "class": "unrevealed"
    },
    "properties": {
        "creators": [
            {
                "address": "5e9c13070095884a3e32ab7e850ddca8182943d5",
                "share": 100
            }
        ],
        "files": [
            {
                "uri": "13.png",
                "type": "image/png"
            }
        ]
    },
    "collection": {
        "name": "numbers",
        "family": "numbers"
    }
}