{
    "name": "Your Collection #14",
    "symbol": "hi",
    "description": "Remember to replace this description",
    "seller_fee_basis_points": 500,
    "image": [
        "14.png"
    ],
    "attributes": {
        "class": "unrevealed"
    },
    "properties": {
        "creators": [
            {
                "address": "046aa86654f8fad2c109ccb118017fbe73da3825",
                "share": 100
            }
        ],
        "files": [
            {
                "uri": "14.png",
                "type": "image/png"
            }
        ]
    },
    "collection": {
        "name": "numbers",
        "family": "numbers"
    }
}