{
    "name": "Your Collection #15",
    "symbol": "hi",
    "description": "Remember to replace this description",
    "seller_fee_basis_points": 500,
    "image": [
        "15.png"
    ],
    "attributes": {
        "class": "unrevealed"
    },
    "properties": {
        "creators": [
            {
                "address": "dcea6d4b94124d1ce1a93755577e54a7891d546b",
                "share": 100
            }
        ],
        "files": [
            {
                "uri": "15.png",
                "type": "image/png"
            }
        ]
    },
    "collection": {
        "name": "numbers",
        "family": "numbers"
    }
}