{
    "name": "Your Collection #16",
    "symbol": "hi",
    "description": "Remember to replace this description",
    "seller_fee_basis_points": 500,
    "image": [
        "16.png"
    ],
    "attributes": {
        "class": "unrevealed"
    },
    "properties": {
        "creators": [
            {
                "address": "cd8512d45f157dcbae89260bce9ae556eadc316a",
                "share": 100
            }
        ],
        "files": [
            {
                "uri": "16.png",
                "type": "image/png"
            }
        ]
    },
    "collection": {
        "name": "numbers",
        "family": "numbers"
    }
}