{
    "name": "Your Collection #17",
    "symbol": "hi",
    "description": "Remember to replace this description",
    "seller_fee_basis_points": 500,
    "image": [
        "17.png"
    ],
    "attributes": {
        "class": "unrevealed"
    },
    "properties": {
        "creators": [
            {
                "address": "7223e9f5713e2f6e909cd65868903aedd003782a",
                "share": 100
            }
        ],
        "files": [
            {
                "uri": "17.png",
                "type": "image/png"
            }
        ]
    },
    "collection": {
        "name": "numbers",
        "family": "numbers"
    }
}