{
    "name": "Your Collection #18",
    "symbol": "hi",
    "description": "Remember to replace this description",
    "seller_fee_basis_points": 500,
    "image": [
        "18.png"
    ],
    "attributes": {
        "class": "unrevealed"
    },
    "properties": {
        "creators": [
            {
                "address": "850dae52406ead80bdf259a5e4dc76fa33526f9a",
                "share": 100
            }
        ],
        "files": [
            {
                "uri": "18.png",
                "type": "image/png"
            }
        ]
    },
    "collection": {
        "name": "numbers",
        "family": "numbers"
    }
}