{
    "name": "Your Collection #19",
    "symbol": "hi",
    "description": "Remember to replace this description",
    "seller_fee_basis_points": 500,
    "image": [
        "19.png"
    ],
    "attributes": {
        "class": "unrevealed"
    },
    "properties": {
        "creators": [
            {
                "address": "ab38631a3179be7be5a3328c7b22d5951b9c9741",
                "share": 100
            }
        ],
        "files": [
            {
                "uri": "19.png",
                "type": "image/png"
            }
        ]
    },
    "collection": {
        "name": "numbers",
        "family": "numbers"
    }
}