{
    "name": "Your Collection #2",
    "symbol": "hi",
    "description": "Remember to replace this description",
    "seller_fee_basis_points": 500,
    "image": [
        "2.png"
    ],
    "attributes": {
        "class": "unrevealed"
    },
    "properties": {
        "creators": [
            {
                "address": "42de36b4e3cc5c6026aef16434a4344589d1c9ee",
                "share": 100
            }
        ],
        "files": [
            {
                "uri": "2.png",
                "type": "image/png"
            }
        ]
    },
    "collection": {
        "name": "numbers",
        "family": "numbers"
    }
}