{
    "name": "Your Collection #20",
    "symbol": "hi",
    "description": "Remember to replace this description",
    "seller_fee_basis_points": 500,
    "image": [
        "20.png"
    ],
    "attributes": {
        "class": "unrevealed"
    },
    "properties": {
        "creators": [
            {
                "address": "85e928e85cb0327e70d5ca7709ee606a9eb19516",
                "share": 100
            }
        ],
        "files": [
            {
                "uri": "20.png",
                "type": "image/png"
            }
        ]
    },
    "collection": {
        "name": "numbers",
        "family": "numbers"
    }
}