{
    "name": "Your Collection #21",
    "symbol": "hi",
    "description": "Remember to replace this description",
    "seller_fee_basis_points": 500,
    "image": [
        "21.png"
    ],
    "attributes": {
        "class": "unrevealed"
    },
    "properties": {
        "creators": [
            {
                "address": "aae4a0de877068398c0074514c708a50accb19c8",
                "share": 100
            }
        ],
        "files": [
            {
                "uri": "21.png",
                "type": "image/png"
            }
        ]
    },
    "collection": {
        "name": "numbers",
        "family": "numbers"
    }
}