{
    "name": "Your Collection #22",
    "symbol": "hi",
    "description": "Remember to replace this description",
    "seller_fee_basis_points": 500,
    "image": [
        "22.png"
    ],
    "attributes": {
        "class": "unrevealed"
    },
    "properties": {
        "creators": [
            {
                "address": "0620c9c2ab20c4f1761b35dc41774060e82c714d",
                "share": 100
            }
        ],
        "files": [
            {
                "uri": "22.png",
                "type": "image/png"
            }
        ]
    },
    "collection": {
        "name": "numbers",
        "family": "numbers"
    }
}