{
    "name": "Your Collection #23",
    "symbol": "hi",
    "description": "Remember to replace this description",
    "seller_fee_basis_points": 500,
    "image": [
        "23.png"
    ],
    "attributes": {
        "class": "unrevealed"
    },
    "properties": {
        "creators": [
            {
                "address": "5b217aa9395195e1b45211ce63e3126c98eeb85e",
                "share": 100
            }
        ],
        "files": [
            {
                "uri": "23.png",
                "type": "image/png"
            }
        ]
    },
    "collection": {
        "name": "numbers",
        "family": "numbers"
    }
}