{
    "name": "Your Collection #24",
    "symbol": "hi",
    "description": "Remember to replace this description",
    "seller_fee_basis_points": 500,
    "image": [
        "24.png"
    ],
    "attributes": {
        "class": "unrevealed"
    },
    "properties": {
        "creators": [
            {
                "address": "77fca19bf54f1c8da335aaf123982d94c9408b70",
                "share": 100
            }
        ],
        "files": [
            {
                "uri": "24.png",
                "type": "image/png"
            }
        ]
    },
    "collection": {
        "name": "numbers",
        "family": "numbers"
    }
}