{
    "name": "Your Collection #25",
    "symbol": "hi",
    "description": "Remember to replace this description",
    "seller_fee_basis_points": 500,
    "image": [
        "25.png"
    ],
    "attributes": {
        "class": "unrevealed"
    },
    "properties": {
        "creators": [
            {
                "address": "ab8d20520d0d28568433d7d8088224ee7a5ba700",
                "share": 100
            }
        ],
        "files": [
            {
                "uri": "25.png",
                "type": "image/png"
            }
        ]
    },
    "collection": {
        "name": "numbers",
        "family": "numbers"
    }
}