{
    "name": "Your Collection #26",
    "symbol": "hi",
    "description": "Remember to replace this description",
    "seller_fee_basis_points": 500,
    "image": [
        "26.png"
    ],
    "attributes": {
        "class": "unrevealed"
    },
    "properties": {
        "creators": [
            {
                "address": "7b830263175321a2029a256d925a68e715384019",
                "share": 100
            }
        ],
        "files": [
            {
                "uri": "26.png",
                "type": "image/png"
            }
        ]
    },
    "collection": {
        "name": "numbers",
        "family": "numbers"
    }
}