{
    "name": "Your Collection #27",
    "symbol": "hi",
    "description": "Remember to replace this description",
    "seller_fee_basis_points": 500,
    "image": [
        "27.png"
    ],
    "attributes": {
        "class": "unrevealed"
    },
    "properties": {
        "creators": [
            {
                "address": "a9a0a92b5ba4ce7b7fe9e0d255b7fada41b5b971",
                "share": 100
            }
        ],
        "files": [
            {
                "uri": "27.png",
                "type": "image/png"
            }
        ]
    },
    "collection": {
        "name": "numbers",
        "family": "numbers"
    }
}