{
    "name": "Your Collection #28",
    "symbol": "hi",
    "description": "Remember to replace this description",
    "seller_fee_basis_points": 500,
    "image": [
        "28.png"
    ],
    "attributes": {
        "class": "unrevealed"
    },
    "properties": {
        "creators": [
            {
                "address": "7f5be4dcab0260be678d17990077287f0554f51f",
                "share": 100
            }
        ],
        "files": [
            {
                "uri": "28.png",
                "type": "image/png"
            }
        ]
    },
    "collection": {
        "name": "numbers",
        "family": "numbers"
    }
}