{
    "name": "Your Collection #29",
    "symbol": "hi",
    "description": "Remember to replace this description",
    "seller_fee_basis_points": 500,
    "image": [
        "29.png"
    ],
    "attributes": {
        "class": "unrevealed"
    },
    "properties": {
        "creators": [
            {
                "address": "98e33540a039c8fd0bf093980b763abf0661be95",
                "share": 100
            }
        ],
        "files": [
            {
                "uri": "29.png",
                "type": "image/png"
            }
        ]
    },
    "collection": {
        "name": "numbers",
        "family": "numbers"
    }
}