{
    "name": "Your Collection #3",
    "symbol": "hi",
    "description": "Remember to replace this description",
    "seller_fee_basis_points": 500,
    "image": [
        "3.png"
    ],
    "attributes": {
        "class": "unrevealed"
    },
    "properties": {
        "creators": [
            {
                "address": "0a6bb1580067c12f2c8e02cf84c3aad0e46f318b",
                "share": 100
            }
        ],
        "files": [
            {
                "uri": "3.png",
                "type": "image/png"
            }
        ]
    },
    "collection": {
        "name": "numbers",
        "family": "numbers"
    }
}