{
    "name": "Your Collection #30",
    "symbol": "hi",
    "description": "Remember to replace this description",
    "seller_fee_basis_points": 500,
    "image": [
        "30.png"
    ],
    "attributes": {
        "class": "unrevealed"
    },
    "properties": {
        "creators": [
            {
                "address": "8e0e9f3788b9a7be7f142a8c91810264623a2ad2",
                "share": 100
            }
        ],
        "files": [
            {
                "uri": "30.png",
                "type": "image/png"
            }
        ]
    },
    "collection": {
        "name": "numbers",
        "family": "numbers"
    }
}