{
    "name": "Your Collection #31",
    "symbol": "hi",
    "description": "Remember to replace this description",
    "seller_fee_basis_points": 500,
    "image": [
        "31.png"
    ],
    "attributes": {
        "class": "unrevealed"
    },
    "properties": {
        "creators": [
            {
                "address": "01591e12e83da60694a279e2dbbd2648cbb5195d",
                "share": 100
            }
        ],
        "files": [
            {
                "uri": "31.png",
                "type": "image/png"
            }
        ]
    },
    "collection": {
        "name": "numbers",
        "family": "numbers"
    }
}