{
    "name": "Your Collection #32",
    "symbol": "hi",
    "description": "Remember to replace this description",
    "seller_fee_basis_points": 500,
    "image": [
        "32.png"
    ],
    "attributes": {
        "class": "unrevealed"
    },
    "properties": {
        "creators": [
            {
                "address": "4e91da09d5da00c057e5e943f2280d4a57c46e10",
                "share": 100
            }
        ],
        "files": [
            {
                "uri": "32.png",
                "type": "image/png"
            }
        ]
    },
    "collection": {
        "name": "numbers",
        "family": "numbers"
    }
}