{
    "name": "Your Collection #33",
    "symbol": "hi",
    "description": "Remember to replace this description",
    "seller_fee_basis_points": 500,
    "image": [
        "33.png"
    ],
    "attributes": {
        "class": "unrevealed"
    },
    "properties": {
        "creators": [
            {
                "address": "11c3204109e29b85219ad7b9af0a9e0325d8611c",
                "share": 100
            }
        ],
        "files": [
            {
                "uri": "33.png",
                "type": "image/png"
            }
        ]
    },
    "collection": {
        "name": "numbers",
        "family": "numbers"
    }
}