{
    "name": "Your Collection #34",
    "symbol": "hi",
    "description": "Remember to replace this description",
    "seller_fee_basis_points": 500,
    "image": [
        "34.png"
    ],
    "attributes": {
        "class": "unrevealed"
    },
    "properties": {
        "creators": [
            {
                "address": "9183f39fca1abddfe4fdc566242990aefb30c0da",
                "share": 100
            }
        ],
        "files": [
            {
                "uri": "34.png",
                "type": "image/png"
            }
        ]
    },
    "collection": {
        "name": "numbers",
        "family": "numbers"
    }
}