{
    "name": "Your Collection #35",
    "symbol": "hi",
    "description": "Remember to replace this description",
    "seller_fee_basis_points": 500,
    "image": [
        "35.png"
    ],
    "attributes": {
        "class": "unrevealed"
    },
    "properties": {
        "creators": [
            {
                "address": "bcb14074f7191cbe149e0159e60a644dbdcf106d",
                "share": 100
            }
        ],
        "files": [
            {
                "uri": "35.png",
                "type": "image/png"
            }
        ]
    },
    "collection": {
        "name": "numbers",
        "family": "numbers"
    }
}