{
    "name": "Your Collection #36",
    "symbol": "hi",
    "description": "Remember to replace this description",
    "seller_fee_basis_points": 500,
    "image": [
        "36.png"
    ],
    "attributes": {
        "class": "unrevealed"
    },
    "properties": {
        "creators": [
            {
                "address": "84ceac4cd903aec620a61f509147ac8ecb93a80b",
                "share": 100
            }
        ],
        "files": [
            {
                "uri": "36.png",
                "type": "image/png"
            }
        ]
    },
    "collection": {
        "name": "numbers",
        "family": "numbers"
    }
}