{
    "name": "Your Collection #37",
    "symbol": "hi",
    "description": "Remember to replace this description",
    "seller_fee_basis_points": 500,
    "image": [
        "37.png"
    ],
    "attributes": {
        "class": "unrevealed"
    },
    "properties": {
        "creators": [
            {
                "address": "1c2f655330e1d7b05538b6d87c4d11009a10169b",
                "share": 100
            }
        ],
        "files": [
            {
                "uri": "37.png",
                "type": "image/png"
            }
        ]
    },
    "collection": {
        "name": "numbers",
        "family": "numbers"
    }
}