{
    "name": "Your Collection #38",
    "symbol": "hi",
    "description": "Remember to replace this description",
    "seller_fee_basis_points": 500,
    "image": [
        "38.png"
    ],
    "attributes": {
        "class": "unrevealed"
    },
    "properties": {
        "creators": [
            {
                "address": "96826ab486cacfb0bde53aa5be46e598edb8c5e4",
                "share": 100
            }
        ],
        "files": [
            {
                "uri": "38.png",
                "type": "image/png"
            }
        ]
    },
    "collection": {
        "name": "numbers",
        "family": "numbers"
    }
}