{
    "name": "Your Collection #39",
    "symbol": "hi",
    "description": "Remember to replace this description",
    "seller_fee_basis_points": 500,
    "image": [
        "39.png"
    ],
    "attributes": {
        "class": "unrevealed"
    },
    "properties": {
        "creators": [
            {
                "address": "e3d85bc1773747833b2f58c448c5170d93899ad4",
                "share": 100
            }
        ],
        "files": [
            {
                "uri": "39.png",
                "type": "image/png"
            }
        ]
    },
    "collection": {
        "name": "numbers",
        "family": "numbers"
    }
}