{
    "name": "Your Collection #4",
    "symbol": "hi",
    "description": "Remember to replace this description",
    "seller_fee_basis_points": 500,
    "image": [
        "4.png"
    ],
    "attributes": {
        "class": "unrevealed"
    },
    "properties": {
        "creators": [
            {
                "address": "48402b938bfea1a1f4b21148e0092b48e0982e4e",
                "share": 100
            }
        ],
        "files": [
            {
                "uri": "4.png",
                "type": "image/png"
            }
        ]
    },
    "collection": {
        "name": "numbers",
        "family": "numbers"
    }
}