{
    "name": "Your Collection #40",
    "symbol": "hi",
    "description": "Remember to replace this description",
    "seller_fee_basis_points": 500,
    "image": [
        "40.png"
    ],
    "attributes": {
        "class": "unrevealed"
    },
    "properties": {
        "creators": [
            {
                "address": "554b5e3b981bb6556d85f1510802c6320aa337c8",
                "share": 100
            }
        ],
        "files": [
            {
                "uri": "40.png",
                "type": "image/png"
            }
        ]
    },
    "collection": {
        "name": "numbers",
        "family": "numbers"
    }
}