{
    "name": "Your Collection #41",
    "symbol": "hi",
    "description": "Remember to replace this description",
    "seller_fee_basis_points": 500,
    "image": [
        "41.png"
    ],
    "attributes": {
        "class": "unrevealed"
    },
    "properties": {
        "creators": [
            {
                "address": "f1b6d36d320e006bd5fcb9edf4dcd5897bd137e4",
                "share": 100
            }
        ],
        "files": [
            {
                "uri": "41.png",
                "type": "image/png"
            }
        ]
    },
    "collection": {
        "name": "numbers",
        "family": "numbers"
    }
}