{
    "name": "Your Collection #42",
    "symbol": "hi",
    "description": "Remember to replace this description",
    "seller_fee_basis_points": 500,
    "image": [
        "42.png"
    ],
    "attributes": {
        "class": "unrevealed"
    },
    "properties": {
        "creators": [
            {
                "address": "fb02cd856767fb89aa9aabc0b9e7927db101b7a8",
                "share": 100
            }
        ],
        "files": [
            {
                "uri": "42.png",
                "type": "image/png"
            }
        ]
    },
    "collection": {
        "name": "numbers",
        "family": "numbers"
    }
}