{
    "name": "Your Collection #43",
    "symbol": "hi",
    "description": "Remember to replace this description",
    "seller_fee_basis_points": 500,
    "image": [
        "43.png"
    ],
    "attributes": {
        "class": "unrevealed"
    },
    "properties": {
        "creators": [
            {
                "address": "33edd63d2b6a46a246fedb1b0272d8444eaaf712",
                "share": 100
            }
        ],
        "files": [
            {
                "uri": "43.png",
                "type": "image/png"
            }
        ]
    },
    "collection": {
        "name": "numbers",
        "family": "numbers"
    }
}