{
    "name": "Your Collection #44",
    "symbol": "hi",
    "description": "Remember to replace this description",
    "seller_fee_basis_points": 500,
    "image": [
        "44.png"
    ],
    "attributes": {
        "class": "unrevealed"
    },
    "properties": {
        "creators": [
            {
                "address": "b3311df2e8a70e3c1ec97359443df36b98b99690",
                "share": 100
            }
        ],
        "files": [
            {
                "uri": "44.png",
                "type": "image/png"
            }
        ]
    },
    "collection": {
        "name": "numbers",
        "family": "numbers"
    }
}