{
    "name": "Your Collection #45",
    "symbol": "hi",
    "description": "Remember to replace this description",
    "seller_fee_basis_points": 500,
    "image": [
        "45.png"
    ],
    "attributes": {
        "class": "unrevealed"
    },
    "properties": {
        "creators": [
            {
                "address": "ca1943379ff88ed6d7cbfea01c5a4714b4dca944",
                "share": 100
            }
        ],
        "files": [
            {
                "uri": "45.png",
                "type": "image/png"
            }
        ]
    },
    "collection": {
        "name": "numbers",
        "family": "numbers"
    }
}