{
    "name": "Your Collection #46",
    "symbol": "hi",
    "description": "Remember to replace this description",
    "seller_fee_basis_points": 500,
    "image": [
        "46.png"
    ],
    "attributes": {
        "class": "unrevealed"
    },
    "properties": {
        "creators": [
            {
                "address": "ce7b977a8e17d2600d739a7855fa02afb329c791",
                "share": 100
            }
        ],
        "files": [
            {
                "uri": "46.png",
                "type": "image/png"
            }
        ]
    },
    "collection": {
        "name": "numbers",
        "family": "numbers"
    }
}