{
    "name": "Your Collection #47",
    "symbol": "hi",
    "description": "Remember to replace this description",
    "seller_fee_basis_points": 500,
    "image": [
        "47.png"
    ],
    "attributes": {
        "class": "unrevealed"
    },
    "properties": {
        "creators": [
            {
                "address": "22969e048aba0895ae31494701f2fad339d2139f",
                "share": 100
            }
        ],
        "files": [
            {
                "uri": "47.png",
                "type": "image/png"
            }
        ]
    },
    "collection": {
        "name": "numbers",
        "family": "numbers"
    }
}