{
    "name": "Your Collection #48",
    "symbol": "hi",
    "description": "Remember to replace this description",
    "seller_fee_basis_points": 500,
    "image": [
        "48.png"
    ],
    "attributes": {
        "class": "unrevealed"
    },
    "properties": {
        "creators": [
            {
                "address": "6894e3970c4ddc9449cd2c60e759b74729f30db6",
                "share": 100
            }
        ],
        "files": [
            {
                "uri": "48.png",
                "type": "image/png"
            }
        ]
    },
    "collection": {
        "name": "numbers",
        "family": "numbers"
    }
}