{
    "name": "Your Collection #49",
    "symbol": "hi",
    "description": "Remember to replace this description",
    "seller_fee_basis_points": 500,
    "image": [
        "49.png"
    ],
    "attributes": {
        "class": "unrevealed"
    },
    "properties": {
        "creators": [
            {
                "address": "616fb6ad532d675e9b7f6291700f1e9121cb4a61",
                "share": 100
            }
        ],
        "files": [
            {
                "uri": "49.png",
                "type": "image/png"
            }
        ]
    },
    "collection": {
        "name": "numbers",
        "family": "numbers"
    }
}