{
    "name": "Your Collection #5",
    "symbol": "hi",
    "description": "Remember to replace this description",
    "seller_fee_basis_points": 500,
    "image": [
        "5.png"
    ],
    "attributes": {
        "class": "unrevealed"
    },
    "properties": {
        "creators": [
            {
                "address": "4860baee4f3ec5b38224f5c1d4eb4ea0c3b7af9c",
                "share": 100
            }
        ],
        "files": [
            {
                "uri": "5.png",
                "type": "image/png"
            }
        ]
    },
    "collection": {
        "name": "numbers",
        "family": "numbers"
    }
}