{
    "name": "Your Collection #50",
    "symbol": "hi",
    "description": "Remember to replace this description",
    "seller_fee_basis_points": 500,
    "image": [
        "50.png"
    ],
    "attributes": {
        "class": "unrevealed"
    },
    "properties": {
        "creators": [
            {
                "address": "c4e64e6d7258ca78641b8de670656069a288d90f",
                "share": 100
            }
        ],
        "files": [
            {
                "uri": "50.png",
                "type": "image/png"
            }
        ]
    },
    "collection": {
        "name": "numbers",
        "family": "numbers"
    }
}