{
    "name": "Your Collection #51",
    "symbol": "hi",
    "description": "Remember to replace this description",
    "seller_fee_basis_points": 500,
    "image": [
        "51.png"
    ],
    "attributes": {
        "class": "unrevealed"
    },
    "properties": {
        "creators": [
            {
                "address": "2d99f7de357c1f6660ccb7d7033498092670334a",
                "share": 100
            }
        ],
        "files": [
            {
                "uri": "51.png",
                "type": "image/png"
            }
        ]
    },
    "collection": {
        "name": "numbers",
        "family": "numbers"
    }
}