{
    "name": "Your Collection #52",
    "symbol": "hi",
    "description": "Remember to replace this description",
    "seller_fee_basis_points": 500,
    "image": [
        "52.png"
    ],
    "attributes": {
        "class": "unrevealed"
    },
    "properties": {
        "creators": [
            {
                "address": "09652fa9704430b2973d92189bb61d9de99ae759",
                "share": 100
            }
        ],
        "files": [
            {
                "uri": "52.png",
                "type": "image/png"
            }
        ]
    },
    "collection": {
        "name": "numbers",
        "family": "numbers"
    }
}