{
    "name": "Your Collection #53",
    "symbol": "hi",
    "description": "Remember to replace this description",
    "seller_fee_basis_points": 500,
    "image": [
        "53.png"
    ],
    "attributes": {
        "class": "unrevealed"
    },
    "properties": {
        "creators": [
            {
                "address": "ce21cffd7c2b3dd98ec200eb7b9958733d205fa3",
                "share": 100
            }
        ],
        "files": [
            {
                "uri": "53.png",
                "type": "image/png"
            }
        ]
    },
    "collection": {
        "name": "numbers",
        "family": "numbers"
    }
}