{
    "name": "Your Collection #54",
    "symbol": "hi",
    "description": "Remember to replace this description",
    "seller_fee_basis_points": 500,
    "image": [
        "54.png"
    ],
    "attributes": {
        "class": "unrevealed"
    },
    "properties": {
        "creators": [
            {
                "address": "9d6cb7c29f0aa097e8d65bc1b284f33defa70235",
                "share": 100
            }
        ],
        "files": [
            {
                "uri": "54.png",
                "type": "image/png"
            }
        ]
    },
    "collection": {
        "name": "numbers",
        "family": "numbers"
    }
}