{
    "name": "Your Collection #55",
    "symbol": "hi",
    "description": "Remember to replace this description",
    "seller_fee_basis_points": 500,
    "image": [
        "55.png"
    ],
    "attributes": {
        "class": "unrevealed"
    },
    "properties": {
        "creators": [
            {
                "address": "7f6e5bec807b83ed072996ab7b6f16ae3bf4486a",
                "share": 100
            }
        ],
        "files": [
            {
                "uri": "55.png",
                "type": "image/png"
            }
        ]
    },
    "collection": {
        "name": "numbers",
        "family": "numbers"
    }
}