{
    "name": "Your Collection #56",
    "symbol": "hi",
    "description": "Remember to replace this description",
    "seller_fee_basis_points": 500,
    "image": [
        "56.png"
    ],
    "attributes": {
        "class": "unrevealed"
    },
    "properties": {
        "creators": [
            {
                "address": "7bfa4039d844303fd7bc294a5de10d2770831509",
                "share": 100
            }
        ],
        "files": [
            {
                "uri": "56.png",
                "type": "image/png"
            }
        ]
    },
    "collection": {
        "name": "numbers",
        "family": "numbers"
    }
}