{
    "name": "Your Collection #57",
    "symbol": "hi",
    "description": "Remember to replace this description",
    "seller_fee_basis_points": 500,
    "image": [
        "57.png"
    ],
    "attributes": {
        "class": "unrevealed"
    },
    "properties": {
        "creators": [
            {
                "address": "f18a04c408bf618cbdcf5a79cdb4b02f9a758148",
                "share": 100
            }
        ],
        "files": [
            {
                "uri": "57.png",
                "type": "image/png"
            }
        ]
    },
    "collection": {
        "name": "numbers",
        "family": "numbers"
    }
}