{
    "name": "Your Collection #58",
    "symbol": "hi",
    "description": "Remember to replace this description",
    "seller_fee_basis_points": 500,
    "image": [
        "58.png"
    ],
    "attributes": {
        "class": "unrevealed"
    },
    "properties": {
        "creators": [
            {
                "address": "98c5c91df348139ef95aa2fb0c2a4c3aa662b864",
                "share": 100
            }
        ],
        "files": [
            {
                "uri": "58.png",
                "type": "image/png"
            }
        ]
    },
    "collection": {
        "name": "numbers",
        "family": "numbers"
    }
}