{
    "name": "Your Collection #59",
    "symbol": "hi",
    "description": "Remember to replace this description",
    "seller_fee_basis_points": 500,
    "image": [
        "59.png"
    ],
    "attributes": {
        "class": "unrevealed"
    },
    "properties": {
        "creators": [
            {
                "address": "5647ad0948b6cd886cdbfa6d2eff1064df958579",
                "share": 100
            }
        ],
        "files": [
            {
                "uri": "59.png",
                "type": "image/png"
            }
        ]
    },
    "collection": {
        "name": "numbers",
        "family": "numbers"
    }
}