{
    "name": "Your Collection #6",
    "symbol": "hi",
    "description": "Remember to replace this description",
    "seller_fee_basis_points": 500,
    "image": [
        "6.png"
    ],
    "attributes": {
        "class": "unrevealed"
    },
    "properties": {
        "creators": [
            {
                "address": "e8d0c36add36d3c0c820d28b9cd5811e9d774dd7",
                "share": 100
            }
        ],
        "files": [
            {
                "uri": "6.png",
                "type": "image/png"
            }
        ]
    },
    "collection": {
        "name": "numbers",
        "family": "numbers"
    }
}