{
    "name": "Your Collection #60",
    "symbol": "hi",
    "description": "Remember to replace this description",
    "seller_fee_basis_points": 500,
    "image": [
        "60.png"
    ],
    "attributes": {
        "class": "unrevealed"
    },
    "properties": {
        "creators": [
            {
                "address": "dbee8f60690f8fd745bf7439b5577b9aab97e2e9",
                "share": 100
            }
        ],
        "files": [
            {
                "uri": "60.png",
                "type": "image/png"
            }
        ]
    },
    "collection": {
        "name": "numbers",
        "family": "numbers"
    }
}