{
    "name": "Your Collection #61",
    "symbol": "hi",
    "description": "Remember to replace this description",
    "seller_fee_basis_points": 500,
    "image": [
        "61.png"
    ],
    "attributes": {
        "class": "unrevealed"
    },
    "properties": {
        "creators": [
            {
                "address": "53cc9ad769bb2c85f9aa5598621fc11aca18dd8b",
                "share": 100
            }
        ],
        "files": [
            {
                "uri": "61.png",
                "type": "image/png"
            }
        ]
    },
    "collection": {
        "name": "numbers",
        "family": "numbers"
    }
}