{
    "name": "Your Collection #62",
    "symbol": "hi",
    "description": "Remember to replace this description",
    "seller_fee_basis_points": 500,
    "image": [
        "62.png"
    ],
    "attributes": {
        "class": "unrevealed"
    },
    "properties": {
        "creators": [
            {
                "address": "faf7d1fa5540ca4d8e59cbc9a5bae49d31bb2819",
                "share": 100
            }
        ],
        "files": [
            {
                "uri": "62.png",
                "type": "image/png"
            }
        ]
    },
    "collection": {
        "name": "numbers",
        "family": "numbers"
    }
}