{
    "name": "Your Collection #63",
    "symbol": "hi",
    "description": "Remember to replace this description",
    "seller_fee_basis_points": 500,
    "image": [
        "63.png"
    ],
    "attributes": {
        "class": "unrevealed"
    },
    "properties": {
        "creators": [
            {
                "address": "74994fc1d6e6030201f5a8fe82b395561199bb81",
                "share": 100
            }
        ],
        "files": [
            {
                "uri": "63.png",
                "type": "image/png"
            }
        ]
    },
    "collection": {
        "name": "numbers",
        "family": "numbers"
    }
}