{
    "name": "Your Collection #64",
    "symbol": "hi",
    "description": "Remember to replace this description",
    "seller_fee_basis_points": 500,
    "image": [
        "64.png"
    ],
    "attributes": {
        "class": "unrevealed"
    },
    "properties": {
        "creators": [
            {
                "address": "1927fd4fe454be57b5fc6c22888992a5907cdbde",
                "share": 100
            }
        ],
        "files": [
            {
                "uri": "64.png",
                "type": "image/png"
            }
        ]
    },
    "collection": {
        "name": "numbers",
        "family": "numbers"
    }
}