{
    "name": "Your Collection #65",
    "symbol": "hi",
    "description": "Remember to replace this description",
    "seller_fee_basis_points": 500,
    "image": [
        "65.png"
    ],
    "attributes": {
        "class": "unrevealed"
    },
    "properties": {
        "creators": [
            {
                "address": "7ef0af711b29140d4b299c872597b5a7da5e0097",
                "share": 100
            }
        ],
        "files": [
            {
                "uri": "65.png",
                "type": "image/png"
            }
        ]
    },
    "collection": {
        "name": "numbers",
        "family": "numbers"
    }
}