{
    "name": "Your Collection #66",
    "symbol": "hi",
    "description": "Remember to replace this description",
    "seller_fee_basis_points": 500,
    "image": [
        "66.png"
    ],
    "attributes": {
        "class": "unrevealed"
    },
    "properties": {
        "creators": [
            {
                "address": "504da9613129bcdf906a038ebdcb0fbc09638450",
                "share": 100
            }
        ],
        "files": [
            {
                "uri": "66.png",
                "type": "image/png"
            }
        ]
    },
    "collection": {
        "name": "numbers",
        "family": "numbers"
    }
}