{
    "name": "Your Collection #67",
    "symbol": "hi",
    "description": "Remember to replace this description",
    "seller_fee_basis_points": 500,
    "image": [
        "67.png"
    ],
    "attributes": {
        "class": "unrevealed"
    },
    "properties": {
        "creators": [
            {
                "address": "8bb10bd4251dd2573393785d2ec7c2cd64077268",
                "share": 100
            }
        ],
        "files": [
            {
                "uri": "67.png",
                "type": "image/png"
            }
        ]
    },
    "collection": {
        "name": "numbers",
        "family": "numbers"
    }
}