{
    "name": "Your Collection #68",
    "symbol": "hi",
    "description": "Remember to replace this description",
    "seller_fee_basis_points": 500,
    "image": [
        "68.png"
    ],
    "attributes": {
        "class": "unrevealed"
    },
    "properties": {
        "creators": [
            {
                "address": "0767a4d6cae5c237e9bc8a128db62e620094387a",
                "share": 100
            }
        ],
        "files": [
            {
                "uri": "68.png",
                "type": "image/png"
            }
        ]
    },
    "collection": {
        "name": "numbers",
        "family": "numbers"
    }
}