{
    "name": "Your Collection #69",
    "symbol": "hi",
    "description": "Remember to replace this description",
    "seller_fee_basis_points": 500,
    "image": [
        "69.png"
    ],
    "attributes": {
        "class": "unrevealed"
    },
    "properties": {
        "creators": [
            {
                "address": "c8677ecc005a6e61c09f2939135a06559528e079",
                "share": 100
            }
        ],
        "files": [
            {
                "uri": "69.png",
                "type": "image/png"
            }
        ]
    },
    "collection": {
        "name": "numbers",
        "family": "numbers"
    }
}