{
    "name": "Your Collection #7",
    "symbol": "hi",
    "description": "Remember to replace this description",
    "seller_fee_basis_points": 500,
    "image": [
        "7.png"
    ],
    "attributes": {
        "class": "unrevealed"
    },
    "properties": {
        "creators": [
            {
                "address": "7fce76297ac4dcd2e684003176ab013e335a7e8b",
                "share": 100
            }
        ],
        "files": [
            {
                "uri": "7.png",
                "type": "image/png"
            }
        ]
    },
    "collection": {
        "name": "numbers",
        "family": "numbers"
    }
}