{
    "name": "Your Collection #70",
    "symbol": "hi",
    "description": "Remember to replace this description",
    "seller_fee_basis_points": 500,
    "image": [
        "70.png"
    ],
    "attributes": {
        "class": "unrevealed"
    },
    "properties": {
        "creators": [
            {
                "address": "bf83533548dcb2b0546815e76bf843276d8ffaeb",
                "share": 100
            }
        ],
        "files": [
            {
                "uri": "70.png",
                "type": "image/png"
            }
        ]
    },
    "collection": {
        "name": "numbers",
        "family": "numbers"
    }
}