{
    "name": "Your Collection #71",
    "symbol": "hi",
    "description": "Remember to replace this description",
    "seller_fee_basis_points": 500,
    "image": [
        "71.png"
    ],
    "attributes": {
        "class": "unrevealed"
    },
    "properties": {
        "creators": [
            {
                "address": "2408da6c39231ff8a9d7154f6ace5eb861021cae",
                "share": 100
            }
        ],
        "files": [
            {
                "uri": "71.png",
                "type": "image/png"
            }
        ]
    },
    "collection": {
        "name": "numbers",
        "family": "numbers"
    }
}