{
    "name": "Your Collection #72",
    "symbol": "hi",
    "description": "Remember to replace this description",
    "seller_fee_basis_points": 500,
    "image": [
        "72.png"
    ],
    "attributes": {
        "class": "unrevealed"
    },
    "properties": {
        "creators": [
            {
                "address": "49b15e78c46f03bf9a0a05094e14d726ab8a59ef",
                "share": 100
            }
        ],
        "files": [
            {
                "uri": "72.png",
                "type": "image/png"
            }
        ]
    },
    "collection": {
        "name": "numbers",
        "family": "numbers"
    }
}