{
    "name": "Your Collection #73",
    "symbol": "hi",
    "description": "Remember to replace this description",
    "seller_fee_basis_points": 500,
    "image": [
        "73.png"
    ],
    "attributes": {
        "class": "unrevealed"
    },
    "properties": {
        "creators": [
            {
                "address": "eff17debaa86f3ebc12c7ff0606273c0e50f3f59",
                "share": 100
            }
        ],
        "files": [
            {
                "uri": "73.png",
                "type": "image/png"
            }
        ]
    },
    "collection": {
        "name": "numbers",
        "family": "numbers"
    }
}