{
    "name": "Your Collection #74",
    "symbol": "hi",
    "description": "Remember to replace this description",
    "seller_fee_basis_points": 500,
    "image": [
        "74.png"
    ],
    "attributes": {
        "class": "unrevealed"
    },
    "properties": {
        "creators": [
            {
                "address": "204a2b3fe79d753347e01021d3bf445c7c53d8ce",
                "share": 100
            }
        ],
        "files": [
            {
                "uri": "74.png",
                "type": "image/png"
            }
        ]
    },
    "collection": {
        "name": "numbers",
        "family": "numbers"
    }
}