{
    "name": "Your Collection #75",
    "symbol": "hi",
    "description": "Remember to replace this description",
    "seller_fee_basis_points": 500,
    "image": [
        "75.png"
    ],
    "attributes": {
        "class": "unrevealed"
    },
    "properties": {
        "creators": [
            {
                "address": "1f360fcd3046304bbae9f9c98acd75ba5376f9f2",
                "share": 100
            }
        ],
        "files": [
            {
                "uri": "75.png",
                "type": "image/png"
            }
        ]
    },
    "collection": {
        "name": "numbers",
        "family": "numbers"
    }
}