{
    "name": "Your Collection #76",
    "symbol": "hi",
    "description": "Remember to replace this description",
    "seller_fee_basis_points": 500,
    "image": [
        "76.png"
    ],
    "attributes": {
        "class": "unrevealed"
    },
    "properties": {
        "creators": [
            {
                "address": "b8864aa701873523bfaeb5b763c658ecd8fb8736",
                "share": 100
            }
        ],
        "files": [
            {
                "uri": "76.png",
                "type": "image/png"
            }
        ]
    },
    "collection": {
        "name": "numbers",
        "family": "numbers"
    }
}