{
    "name": "Your Collection #77",
    "symbol": "hi",
    "description": "Remember to replace this description",
    "seller_fee_basis_points": 500,
    "image": [
        "77.png"
    ],
    "attributes": {
        "class": "unrevealed"
    },
    "properties": {
        "creators": [
            {
                "address": "90fc43e60fdbf0902b4dfc3e4d1012f1b954c886",
                "share": 100
            }
        ],
        "files": [
            {
                "uri": "77.png",
                "type": "image/png"
            }
        ]
    },
    "collection": {
        "name": "numbers",
        "family": "numbers"
    }
}