{
    "name": "Your Collection #78",
    "symbol": "hi",
    "description": "Remember to replace this description",
    "seller_fee_basis_points": 500,
    "image": [
        "78.png"
    ],
    "attributes": {
        "class": "unrevealed"
    },
    "properties": {
        "creators": [
            {
                "address": "53f6a7d7780f28d460b318bcdb6ac4336452ab17",
                "share": 100
            }
        ],
        "files": [
            {
                "uri": "78.png",
                "type": "image/png"
            }
        ]
    },
    "collection": {
        "name": "numbers",
        "family": "numbers"
    }
}