{
    "name": "Your Collection #79",
    "symbol": "hi",
    "description": "Remember to replace this description",
    "seller_fee_basis_points": 500,
    "image": [
        "79.png"
    ],
    "attributes": {
        "class": "unrevealed"
    },
    "properties": {
        "creators": [
            {
                "address": "17cdf2ffd280cce49253d173c6c254377d57b7af",
                "share": 100
            }
        ],
        "files": [
            {
                "uri": "79.png",
                "type": "image/png"
            }
        ]
    },
    "collection": {
        "name": "numbers",
        "family": "numbers"
    }
}