{
    "name": "Your Collection #8",
    "symbol": "hi",
    "description": "Remember to replace this description",
    "seller_fee_basis_points": 500,
    "image": [
        "8.png"
    ],
    "attributes": {
        "class": "unrevealed"
    },
    "properties": {
        "creators": [
            {
                "address": "35cd4b7de922ea1fd9b8440eecb1a55ac81610da",
                "share": 100
            }
        ],
        "files": [
            {
                "uri": "8.png",
                "type": "image/png"
            }
        ]
    },
    "collection": {
        "name": "numbers",
        "family": "numbers"
    }
}