{
    "name": "Your Collection #80",
    "symbol": "hi",
    "description": "Remember to replace this description",
    "seller_fee_basis_points": 500,
    "image": [
        "80.png"
    ],
    "attributes": {
        "class": "unrevealed"
    },
    "properties": {
        "creators": [
            {
                "address": "a947aceaead6e7a7979bc4b2454551791c94afa5",
                "share": 100
            }
        ],
        "files": [
            {
                "uri": "80.png",
                "type": "image/png"
            }
        ]
    },
    "collection": {
        "name": "numbers",
        "family": "numbers"
    }
}