{
    "name": "Your Collection #81",
    "symbol": "hi",
    "description": "Remember to replace this description",
    "seller_fee_basis_points": 500,
    "image": [
        "81.png"
    ],
    "attributes": {
        "class": "unrevealed"
    },
    "properties": {
        "creators": [
            {
                "address": "f7ccbd80ada6c923f5c060582976db468629ceef",
                "share": 100
            }
        ],
        "files": [
            {
                "uri": "81.png",
                "type": "image/png"
            }
        ]
    },
    "collection": {
        "name": "numbers",
        "family": "numbers"
    }
}