{
    "name": "Your Collection #83",
    "symbol": "hi",
    "description": "Remember to replace this description",
    "seller_fee_basis_points": 500,
    "image": [
        "83.png"
    ],
    "attributes": {
        "class": "unrevealed"
    },
    "properties": {
        "creators": [
            {
                "address": "df1ced95b9bb6a39b9f3305fd129586c6a36db1d",
                "share": 100
            }
        ],
        "files": [
            {
                "uri": "83.png",
                "type": "image/png"
            }
        ]
    },
    "collection": {
        "name": "numbers",
        "family": "numbers"
    }
}