{
    "name": "Your Collection #84",
    "symbol": "hi",
    "description": "Remember to replace this description",
    "seller_fee_basis_points": 500,
    "image": [
        "84.png"
    ],
    "attributes": {
        "class": "unrevealed"
    },
    "properties": {
        "creators": [
            {
                "address": "430723776dcd4141bd980f0e0f58885d64acd169",
                "share": 100
            }
        ],
        "files": [
            {
                "uri": "84.png",
                "type": "image/png"
            }
        ]
    },
    "collection": {
        "name": "numbers",
        "family": "numbers"
    }
}