{
    "name": "Your Collection #85",
    "symbol": "hi",
    "description": "Remember to replace this description",
    "seller_fee_basis_points": 500,
    "image": [
        "85.png"
    ],
    "attributes": {
        "class": "unrevealed"
    },
    "properties": {
        "creators": [
            {
                "address": "fa967a0770845ddb5bdf4bf9b10c31d41854b6d5",
                "share": 100
            }
        ],
        "files": [
            {
                "uri": "85.png",
                "type": "image/png"
            }
        ]
    },
    "collection": {
        "name": "numbers",
        "family": "numbers"
    }
}