{
    "name": "Your Collection #86",
    "symbol": "hi",
    "description": "Remember to replace this description",
    "seller_fee_basis_points": 500,
    "image": [
        "86.png"
    ],
    "attributes": {
        "class": "unrevealed"
    },
    "properties": {
        "creators": [
            {
                "address": "e0ec6ba01a32994bfaf158be6a992c2c5aaacb63",
                "share": 100
            }
        ],
        "files": [
            {
                "uri": "86.png",
                "type": "image/png"
            }
        ]
    },
    "collection": {
        "name": "numbers",
        "family": "numbers"
    }
}