{
    "name": "Your Collection #87",
    "symbol": "hi",
    "description": "Remember to replace this description",
    "seller_fee_basis_points": 500,
    "image": [
        "87.png"
    ],
    "attributes": {
        "class": "unrevealed"
    },
    "properties": {
        "creators": [
            {
                "address": "649736bc249f1431917bc27fedc29b20c0ed21f1",
                "share": 100
            }
        ],
        "files": [
            {
                "uri": "87.png",
                "type": "image/png"
            }
        ]
    },
    "collection": {
        "name": "numbers",
        "family": "numbers"
    }
}