{
    "name": "Your Collection #88",
    "symbol": "hi",
    "description": "Remember to replace this description",
    "seller_fee_basis_points": 500,
    "image": [
        "88.png"
    ],
    "attributes": {
        "class": "unrevealed"
    },
    "properties": {
        "creators": [
            {
                "address": "b1291b68fa6416a4b7cd51d545c03990a32c8927",
                "share": 100
            }
        ],
        "files": [
            {
                "uri": "88.png",
                "type": "image/png"
            }
        ]
    },
    "collection": {
        "name": "numbers",
        "family": "numbers"
    }
}