{
    "name": "Your Collection #89",
    "symbol": "hi",
    "description": "Remember to replace this description",
    "seller_fee_basis_points": 500,
    "image": [
        "89.png"
    ],
    "attributes": {
        "class": "unrevealed"
    },
    "properties": {
        "creators": [
            {
                "address": "f4db259010a6589916bdac39c9039f29c4f6d3c4",
                "share": 100
            }
        ],
        "files": [
            {
                "uri": "89.png",
                "type": "image/png"
            }
        ]
    },
    "collection": {
        "name": "numbers",
        "family": "numbers"
    }
}