{
    "name": "Your Collection #9",
    "symbol": "hi",
    "description": "Remember to replace this description",
    "seller_fee_basis_points": 500,
    "image": [
        "9.png"
    ],
    "attributes": {
        "class": "unrevealed"
    },
    "properties": {
        "creators": [
            {
                "address": "48cd72b31ef71c517737f67b8c865a559b119f16",
                "share": 100
            }
        ],
        "files": [
            {
                "uri": "9.png",
                "type": "image/png"
            }
        ]
    },
    "collection": {
        "name": "numbers",
        "family": "numbers"
    }
}