{
    "name": "Your Collection #90",
    "symbol": "hi",
    "description": "Remember to replace this description",
    "seller_fee_basis_points": 500,
    "image": [
        "90.png"
    ],
    "attributes": {
        "class": "unrevealed"
    },
    "properties": {
        "creators": [
            {
                "address": "1a4bd81f9fec40dc09e758bff08ff6bdc92b440d",
                "share": 100
            }
        ],
        "files": [
            {
                "uri": "90.png",
                "type": "image/png"
            }
        ]
    },
    "collection": {
        "name": "numbers",
        "family": "numbers"
    }
}