{
    "name": "Your Collection #91",
    "symbol": "hi",
    "description": "Remember to replace this description",
    "seller_fee_basis_points": 500,
    "image": [
        "91.png"
    ],
    "attributes": {
        "class": "unrevealed"
    },
    "properties": {
        "creators": [
            {
                "address": "744f3b6031d65c11a9c18b0d7d403142d56d7c67",
                "share": 100
            }
        ],
        "files": [
            {
                "uri": "91.png",
                "type": "image/png"
            }
        ]
    },
    "collection": {
        "name": "numbers",
        "family": "numbers"
    }
}