{
    "name": "Your Collection #92",
    "symbol": "hi",
    "description": "Remember to replace this description",
    "seller_fee_basis_points": 500,
    "image": [
        "92.png"
    ],
    "attributes": {
        "class": "unrevealed"
    },
    "properties": {
        "creators": [
            {
                "address": "127c10a6ba54531cdd2859f1db15047750fd6ba4",
                "share": 100
            }
        ],
        "files": [
            {
                "uri": "92.png",
                "type": "image/png"
            }
        ]
    },
    "collection": {
        "name": "numbers",
        "family": "numbers"
    }
}