{
    "name": "Your Collection #93",
    "symbol": "hi",
    "description": "Remember to replace this description",
    "seller_fee_basis_points": 500,
    "image": [
        "93.png"
    ],
    "attributes": {
        "class": "unrevealed"
    },
    "properties": {
        "creators": [
            {
                "address": "2de67a6708d4b82eea9d99166b14fe857dae430b",
                "share": 100
            }
        ],
        "files": [
            {
                "uri": "93.png",
                "type": "image/png"
            }
        ]
    },
    "collection": {
        "name": "numbers",
        "family": "numbers"
    }
}