{
    "name": "Your Collection #94",
    "symbol": "hi",
    "description": "Remember to replace this description",
    "seller_fee_basis_points": 500,
    "image": [
        "94.png"
    ],
    "attributes": {
        "class": "unrevealed"
    },
    "properties": {
        "creators": [
            {
                "address": "ab43ac46a26b59837cb9c986c378603bb663aa3b",
                "share": 100
            }
        ],
        "files": [
            {
                "uri": "94.png",
                "type": "image/png"
            }
        ]
    },
    "collection": {
        "name": "numbers",
        "family": "numbers"
    }
}