{
    "name": "Your Collection #95",
    "symbol": "hi",
    "description": "Remember to replace this description",
    "seller_fee_basis_points": 500,
    "image": [
        "95.png"
    ],
    "attributes": {
        "class": "unrevealed"
    },
    "properties": {
        "creators": [
            {
                "address": "1ea20691d2cde207772146958bdbb95cca07d508",
                "share": 100
            }
        ],
        "files": [
            {
                "uri": "95.png",
                "type": "image/png"
            }
        ]
    },
    "collection": {
        "name": "numbers",
        "family": "numbers"
    }
}