{
    "name": "Your Collection #96",
    "symbol": "hi",
    "description": "Remember to replace this description",
    "seller_fee_basis_points": 500,
    "image": [
        "96.png"
    ],
    "attributes": {
        "class": "unrevealed"
    },
    "properties": {
        "creators": [
            {
                "address": "1456df919ffbe8d52073e50b993ce4ffb626f8a1",
                "share": 100
            }
        ],
        "files": [
            {
                "uri": "96.png",
                "type": "image/png"
            }
        ]
    },
    "collection": {
        "name": "numbers",
        "family": "numbers"
    }
}