{
    "name": "Your Collection #97",
    "symbol": "hi",
    "description": "Remember to replace this description",
    "seller_fee_basis_points": 500,
    "image": [
        "97.png"
    ],
    "attributes": {
        "class": "unrevealed"
    },
    "properties": {
        "creators": [
            {
                "address": "964da82d0661379a8692f65767bd8e5576b454d9",
                "share": 100
            }
        ],
        "files": [
            {
                "uri": "97.png",
                "type": "image/png"
            }
        ]
    },
    "collection": {
        "name": "numbers",
        "family": "numbers"
    }
}