{
    "name": "Your Collection #98",
    "symbol": "hi",
    "description": "Remember to replace this description",
    "seller_fee_basis_points": 500,
    "image": [
        "98.png"
    ],
    "attributes": {
        "class": "unrevealed"
    },
    "properties": {
        "creators": [
            {
                "address": "5bc1db63ed136aa9e66dc159c9faf05366cbd58b",
                "share": 100
            }
        ],
        "files": [
            {
                "uri": "98.png",
                "type": "image/png"
            }
        ]
    },
    "collection": {
        "name": "numbers",
        "family": "numbers"
    }
}