{
    "name": "Your Collection #99",
    "symbol": "hi",
    "description": "Remember to replace this description",
    "seller_fee_basis_points": 500,
    "image": [
        "99.png"
    ],
    "attributes": {
        "class": "unrevealed"
    },
    "properties": {
        "creators": [
            {
                "address": "be18e1f8c1901e6430026040630e4fa62d2b2ee7",
                "share": 100
            }
        ],
        "files": [
            {
                "uri": "99.png",
                "type": "image/png"
            }
        ]
    },
    "collection": {
        "name": "numbers",
        "family": "numbers"
    }
}